{
  "project_info": {
    "project_number": "36915623064",
    "firebase_url": "https://igclone-7cff7-default-rtdb.firebaseio.com",
    "project_id": "igclone-7cff7",
    "storage_bucket": "igclone-7cff7.appspot.com"
  },
  "client": [
    {
      "client_info": {
        "mobilesdk_app_id": "1:36915623064:android:e0977c42816a7836528ced",
        "android_client_info": {
          "package_name": "com.example.instaclone"
        }
      },
      "oauth_client": [],
      "api_key": [
        {
          "current_key": "AIzaSyBta0IP-RYMIQxW58hvQ0nP5zPJrnc3IdM"
        }
      ],4
      "services": {
        "appinvite_service": {
          "other_platform_oauth_client": []
        }
      }
    }
  ],
  "configuration_version": "1"
}